Timestamp,gyro.xRaw,gyro.yRaw,gyro.zRaw,motor.m1,motor.m3,pm.vbat
7569329,1,-1,2,0,0,4.101466178894043
7569339,-1,1,4,0,0,4.101466178894043
7569349,-11,7,-1,0,0,4.101466178894043
7569359,-8,7,-3,0,0,4.101466178894043
7569369,-3,14,-13,0,0,4.101466178894043
7569379,-6,8,-9,0,0,4.101466178894043
7569389,-2,19,-14,0,0,4.101466178894043
7569399,-2,35,-18,0,0,4.101466178894043
7569409,-7,32,-19,0,0,4.101466178894043
7569419,-13,34,-24,0,0,4.101466178894043
7569429,-8,35,-32,0,0,4.106744766235352
7569439,-5,43,-33,0,0,4.101466178894043
7569449,-11,39,-37,0,0,4.101466178894043
7569459,-11,53,-42,0,0,4.101466178894043
7569469,-6,44,-51,0,0,4.101466178894043
7569479,-11,47,-45,0,0,4.101466178894043
7569489,-12,54,-53,0,0,4.101466178894043
7569499,-18,43,-60,0,0,4.101466178894043
7569509,-16,42,-62,0,0,4.106744766235352
7569519,-14,42,-63,0,0,4.106744766235352
7569529,-8,45,-64,0,0,4.101466178894043
7569539,-5,48,-62,0,0,4.101466178894043
7569549,-13,38,-70,0,0,4.101466178894043
7569559,-14,39,-73,0,0,4.106744766235352
7569569,-9,38,-82,0,0,4.101466178894043
7569579,-20,27,-83,0,0,4.101466178894043
7569589,-24,30,-83,0,0,4.101466178894043
7569599,-20,34,-89,0,0,4.101466178894043
7569609,-19,25,-84,0,0,4.101466178894043
7569619,-16,33,-89,0,0,4.101466178894043
7569629,-12,21,-90,0,0,4.101466178894043
7569639,-9,24,-93,0,0,4.101466178894043
7569649,-14,19,-103,0,0,4.101466178894043
7569659,-25,14,-96,0,0,4.101466178894043
7569669,-17,15,-103,0,0,4.101466178894043
7569679,-14,20,-103,0,0,4.101466178894043
7569689,-21,19,-103,0,0,4.101466178894043
7569699,-16,19,-111,0,0,4.101466178894043
7569709,-9,22,-109,0,0,4.101466178894043
7569719,-18,21,-112,0,0,4.101466178894043
7569729,-22,34,-110,0,0,4.101466178894043
7569739,-27,27,-118,0,0,4.101466178894043
7569749,-14,25,-123,0,0,4.101466178894043
7569759,-20,36,-118,0,0,4.101466178894043
7569769,-18,31,-118,0,0,4.101466178894043
7569779,-18,24,-124,0,0,4.101466178894043
7569789,-20,34,-117,0,0,4.101466178894043
7569799,-14,28,-119,0,0,4.101466178894043
7569809,-17,28,-126,0,0,4.101466178894043
7569819,-12,22,-126,0,0,4.101466178894043
7569829,-20,21,-134,0,0,4.101466178894043
7569839,-19,19,-128,0,0,4.101466178894043
7569849,-12,23,-128,0,0,4.101466178894043
7569859,-12,1,-129,0,0,4.101466178894043
7569869,-15,5,-137,0,0,4.101466178894043
7569879,-12,3,-132,0,0,4.101466178894043
7569889,-23,-2,-139,0,0,4.101466178894043
7569899,-20,-8,-133,0,0,4.101466178894043
7569909,-20,-10,-140,0,0,4.101466178894043
7569919,-12,-15,-132,0,0,4.101466178894043
7569929,-6,-20,-140,0,0,4.101466178894043
7569939,-8,-24,-134,0,0,4.101466178894043
7569949,-13,-25,-139,0,0,4.101466178894043
7569959,-19,-42,-133,0,0,4.101466178894043
7569969,-10,-45,-137,0,0,4.101466178894043
7569979,-12,-34,-135,0,0,4.101466178894043
7569989,-12,-42,-136,0,0,4.101466178894043
7569999,-14,-45,-137,0,0,4.101466178894043
7570009,-10,-51,-133,0,0,4.101466178894043
7570019,-5,-41,-140,0,0,4.101466178894043
7570029,-4,-41,-140,0,0,4.101466178894043
7570039,-11,-41,-135,0,0,4.101466178894043
7570049,-11,-38,-131,0,0,4.101466178894043
7570059,-9,-38,-127,0,0,4.101466178894043
7570069,-11,-41,-127,0,0,4.101466178894043
7570079,-2,-37,-131,0,0,4.101466178894043
7570089,-8,-32,-131,0,0,4.101466178894043
7570099,-6,-28,-128,0,0,4.101466178894043
7570109,8,-19,-125,0,0,4.101466178894043
7570119,-2,-31,-129,0,0,4.101466178894043
7570129,-6,-32,-116,0,0,4.101466178894043
7570139,-9,-29,-121,0,0,4.101466178894043
7570149,-7,-17,-124,0,0,4.101466178894043
7570159,-5,-23,-114,0,0,4.101466178894043
7570169,0,-24,-112,0,0,4.101466178894043
7570179,0,-34,-108,0,0,4.101466178894043
7570189,6,-27,-113,0,0,4.101466178894043
7570199,2,-23,-111,0,0,4.101466178894043
7570209,1,-29,-111,0,0,4.101466178894043
7570219,-2,-33,-104,0,0,4.101466178894043
7570229,-8,-27,-110,0,0,4.101466178894043
7570239,-4,-35,-96,0,0,4.101466178894043
7570249,1,-33,-105,0,0,4.101466178894043
7570259,1,-40,-95,0,0,4.101466178894043
7570269,2,-39,-91,0,0,4.101466178894043
7570279,0,-42,-94,0,0,4.101466178894043
7570289,-7,-38,-88,0,0,4.101466178894043
7570299,0,-39,-89,0,0,4.101466178894043
7570309,-9,-39,-82,0,0,4.101466178894043
7570319,-8,-34,-78,0,0,4.101466178894043
7570329,-4,-32,-74,0,0,4.101466178894043
7570339,-3,-29,-76,0,0,4.101466178894043
7570349,-1,-38,-70,0,0,4.101466178894043
7570359,3,-32,-63,0,0,4.101466178894043
7570369,5,-25,-69,0,0,4.101466178894043
7570379,-13,-24,-60,0,0,4.101466178894043
7570389,-6,-20,-61,0,0,4.101466178894043
7570399,6,-16,-52,0,0,4.101466178894043
7570409,6,-8,-51,0,0,4.101466178894043
7570419,6,-4,-55,0,0,4.101466178894043
7570429,7,-2,-47,0,0,4.101466178894043
7570439,9,0,-36,0,0,4.101466178894043
7570449,-1,14,-37,0,0,4.101466178894043
7570459,-14,21,-37,0,0,4.101466178894043
7570469,-25,22,-25,0,0,4.101466178894043
7570479,-17,23,-22,0,0,4.101466178894043
7570489,1,30,-18,0,0,4.101466178894043
7570499,3,31,-22,0,0,4.101466178894043
7570509,8,36,-17,0,0,4.101466178894043
7570519,-2,37,-9,0,0,4.101466178894043
7570529,-4,38,-7,0,0,4.101466178894043
7570539,-11,41,-6,0,0,4.101466178894043
7570549,-16,35,-4,0,0,4.101466178894043
7570559,-23,39,8,0,0,4.101466178894043
7570569,-9,34,6,0,0,4.101466178894043
7570579,1,36,11,0,0,4.101466178894043
7570589,12,21,8,0,0,4.101466178894043
7570599,-5,24,15,0,0,4.101466178894043
7570609,-2,29,20,0,0,4.101466178894043
7570619,-11,23,22,0,0,4.101466178894043
7570629,-15,22,30,0,0,4.101466178894043
7570639,-14,35,29,0,0,4.101466178894043
7570649,-8,13,34,0,0,4.101466178894043
7570659,-1,26,35,0,0,4.101466178894043
7570669,6,26,35,0,0,4.101466178894043
7570679,6,19,37,0,0,4.101466178894043
7570689,-2,23,45,0,0,4.101466178894043
7570699,-7,27,50,0,0,4.101466178894043
7570709,-17,27,50,0,0,4.101466178894043
7570719,-14,25,56,0,0,4.101466178894043
7570729,-11,21,57,0,0,4.101466178894043
7570739,-7,32,64,0,0,4.101466178894043
7570749,4,40,66,0,0,4.101466178894043
7570759,5,35,69,0,0,4.101466178894043
7570769,-6,37,74,0,0,4.101466178894043
7570779,-7,40,71,0,0,4.101466178894043
7570789,-12,38,76,0,0,4.101466178894043
7570799,-9,44,81,0,0,4.101466178894043
7570809,-7,46,87,0,0,4.101466178894043
7570819,2,41,81,0,0,4.101466178894043
7570829,-1,43,92,0,0,4.101466178894043
7570839,-3,45,96,0,0,4.101466178894043
7570849,3,42,97,0,0,4.101466178894043
7570859,3,44,95,0,0,4.101466178894043
7570869,-2,43,97,0,0,4.101466178894043
7570879,-7,36,106,0,0,4.101466178894043
7570889,-8,22,102,0,0,4.101466178894043
7570899,7,30,101,0,0,4.101466178894043
7570909,11,20,109,0,0,4.101466178894043
7570919,1,15,112,0,0,4.101466178894043
7570929,1,24,112,0,0,4.106744766235352
7570939,6,12,112,0,0,4.101466178894043
7570949,3,1,115,0,0,4.101466178894043
7570959,3,-8,113,0,0,4.101466178894043
7570969,7,2,114,0,0,4.101466178894043
7570979,8,-7,119,0,0,4.101466178894043
7570989,17,-12,119,0,0,4.101466178894043
7570999,13,-16,114,0,0,4.101466178894043
7571009,11,-16,123,0,0,4.101466178894043
7571019,8,-23,127,0,0,4.101466178894043
7571029,7,-29,129,0,0,4.101466178894043
7571039,3,-22,124,0,0,4.101466178894043
7571049,13,-25,126,0,0,4.101466178894043
7571059,8,-27,129,0,0,4.101466178894043
7571069,13,-21,126,0,0,4.101466178894043
7571079,13,-32,132,0,0,4.101466178894043
7571089,16,-30,131,0,0,4.101466178894043
7571099,9,-21,139,0,0,4.101466178894043
7571109,2,-19,132,0,0,4.101466178894043
7571119,17,-19,130,0,0,4.101466178894043
7571129,13,-14,135,0,0,4.101466178894043
7571139,21,-20,129,0,0,4.101466178894043
7571149,17,-19,134,0,0,4.101466178894043
7571159,16,-19,131,0,0,4.101466178894043
7571169,19,-15,132,0,0,4.101466178894043
7571179,10,-18,128,0,0,4.101466178894043
7571189,13,-17,128,0,0,4.101466178894043
7571199,1,-19,136,0,0,4.101466178894043
7571209,16,-17,136,0,0,4.101466178894043
7571219,17,-23,133,0,0,4.101466178894043
7571229,23,-19,126,0,0,4.101466178894043
7571239,22,-30,128,0,0,4.101466178894043
7571249,16,-28,126,0,0,4.101466178894043
7571259,19,-31,138,0,0,4.101466178894043
7571269,15,-33,125,0,0,4.101466178894043
7571279,15,-38,127,0,0,4.106744766235352
7571289,13,-39,123,0,0,4.101466178894043
7571299,21,-44,130,0,0,4.101466178894043
7571309,16,-43,132,0,0,4.101466178894043
7571319,18,-52,120,0,0,4.101466178894043
7571329,17,-47,116,0,0,4.101466178894043
7571339,11,-57,116,0,0,4.101466178894043
7571349,15,-53,116,0,0,4.101466178894043
7571359,17,-56,112,0,0,4.101466178894043
7571369,19,-48,113,0,0,4.101466178894043
7571379,24,-42,116,0,0,4.101466178894043
7571389,13,-42,108,0,0,4.101466178894043
7571399,15,-38,107,0,0,4.101466178894043
7571409,10,-41,102,0,0,4.101466178894043
7571419,10,-36,105,0,0,4.101466178894043
7571429,7,-43,99,0,0,4.101466178894043
7571439,12,-24,98,0,0,4.101466178894043
7571449,8,-27,95,0,0,4.101466178894043
7571459,10,-25,96,0,0,4.101466178894043
7571469,2,-18,92,0,0,4.101466178894043
7571479,11,-11,88,0,0,4.101466178894043
7571489,4,-9,88,0,0,4.101466178894043
7571499,4,-5,92,0,0,4.101466178894043
7571509,9,-2,84,0,0,4.101466178894043
7571519,7,-1,78,0,0,4.101466178894043
7571529,6,-4,76,0,0,4.101466178894043
7571539,3,-5,69,0,0,4.101466178894043
7571549,0,7,68,0,0,4.101466178894043
7571559,8,6,67,0,0,4.101466178894043
7571569,8,13,65,0,0,4.101466178894043
7571579,0,13,61,0,0,4.101466178894043
7571589,2,11,56,0,0,4.101466178894043
7571599,1,7,55,0,0,4.101466178894043
7571609,0,9,47,0,0,4.101466178894043
7571619,-1,6,45,0,0,4.101466178894043
7571629,6,2,44,0,0,4.101466178894043
7571639,-7,2,38,0,0,4.101466178894043
7571649,1,6,45,42000,42000,4.101466178894043
7571659,-24,11,-598,42000,42000,4.101466178894043
7571669,-57,27,-1205,42000,42000,3.816422462463379
7571679,-137,-3,-1750,42000,42000,3.816422462463379
7571689,-190,2,-2217,42000,42000,3.790029287338257
7571699,-287,-44,-2689,42000,42000,3.8111438751220703
7571709,-341,-106,-3106,42000,42000,3.8375368118286133
7571719,-333,-90,-3450,42000,42000,3.8586511611938477
7571729,-371,-168,-3765,42000,42000,3.8744869232177734
7571739,-346,-187,-4048,42000,42000,3.8744869232177734
7571749,-399,-261,-4319,42000,42000,3.890322685241699
7571759,-443,-322,-4557,42000,42000,3.906158447265625
7571769,-527,-349,-4791,42000,42000,3.916715621948242
7571779,-621,-408,-4988,42000,42000,3.921994209289551
7571789,-714,-449,-5174,42000,42000,3.9272727966308594
7571799,-795,-468,-5341,42000,42000,3.9272727966308594
7571809,-886,-530,-5524,42000,42000,3.932551383972168
7571819,-965,-566,-5676,42000,42000,3.9378299713134766
7571829,-1036,-589,-5808,42000,42000,3.943108558654785
7571839,-1129,-601,-5971,42000,42000,3.943108558654785
7571849,-1237,-560,-6116,42000,42000,3.9483871459960938
7571859,-1355,-642,-6225,42000,42000,3.9483871459960938
7571869,-1519,-621,-6330,42000,42000,3.9483871459960938
7571879,-1663,-604,-6437,42000,42000,3.9483871459960938
7571889,-1815,-597,-6561,42000,42000,3.9483871459960938
7571899,-1975,-570,-6678,42000,42000,3.9536657333374023
7571909,-2126,-522,-6773,42000,42000,3.9536657333374023
7571919,-2280,-488,-6874,42000,42000,3.9536657333374023
7571929,-2432,-430,-6972,42000,42000,3.9536657333374023
7571939,-2605,-354,-7053,42000,42000,3.9536657333374023
7571949,-2766,-245,-7141,42000,42000,3.9536657333374023
7571959,-2916,-155,-7232,42000,42000,3.9536657333374023
7571969,-3057,-57,-7321,42000,42000,3.9536657333374023
7571979,-3213,57,-7416,42000,42000,3.9536657333374023
7571989,-3358,213,-7507,42000,42000,3.9536657333374023
7571999,-3503,379,-7597,42000,42000,3.9536657333374023
7572009,-3618,515,-7673,42000,42000,3.9536657333374023
7572019,-3749,675,-7760,42000,42000,3.9536657333374023
7572029,-3840,844,-7851,42000,42000,3.9536657333374023
7572039,-3923,988,-7936,42000,42000,3.9536657333374023
7572049,-3992,1227,-8046,42000,42000,3.958944320678711
7572059,-4046,1430,-8131,42000,42000,3.9536657333374023
7572069,-4065,1592,-8220,42000,42000,3.9536657333374023
7572079,-4100,1782,-8343,42000,42000,3.9536657333374023
7572089,-4120,2003,-8451,42000,42000,3.9536657333374023
7572099,-4112,2144,-8558,42000,42000,3.9536657333374023
7572109,-4070,2262,-8663,42000,42000,3.9536657333374023
7572119,-4078,2548,-8808,42000,42000,3.9536657333374023
7572129,-4014,2693,-8918,42000,42000,3.9536657333374023
7572139,-3949,2884,-9057,42000,42000,3.9536657333374023
7572149,-3859,3132,-9201,42000,42000,3.9536657333374023
7572159,-3736,3245,-9327,42000,42000,3.9536657333374023
7572169,-3624,3441,-9468,42000,42000,3.9536657333374023
7572179,-3508,3554,-9575,42000,42000,3.9536657333374023
7572189,-3429,3676,-9713,42000,42000,3.9536657333374023
7572199,-3397,3845,-9837,42000,42000,3.9536657333374023
7572209,-3256,3864,-9952,42000,42000,3.9536657333374023
7572219,-3103,4056,-10082,42000,42000,3.9536657333374023
7572229,-2920,4072,-10191,42000,42000,3.9536657333374023
7572239,-2727,4057,-10326,42000,42000,3.9536657333374023
7572249,-2548,4184,-10483,42000,42000,3.9536657333374023
7572259,-2329,4153,-10604,42000,42000,3.9536657333374023
7572269,-2059,4082,-10746,42000,42000,3.9536657333374023
7572279,-1803,4098,-10878,42000,42000,3.9536657333374023
7572289,-1561,4075,-11009,42000,42000,3.9536657333374023
7572299,-1331,3936,-11117,42000,42000,3.9536657333374023
7572309,-1075,3762,-11235,42000,42000,3.9536657333374023
7572319,-850,3664,-11374,42000,42000,3.9536657333374023
7572329,-577,3566,-11502,42000,42000,3.9536657333374023
7572339,-357,3447,-11623,42000,42000,3.9536657333374023
7572349,-124,3274,-11725,42000,42000,3.9536657333374023
7572359,96,3090,-11838,42000,42000,3.9483871459960938
7572369,319,2898,-11968,42000,42000,3.9536657333374023
7572379,532,2664,-12056,42000,42000,3.9536657333374023
7572389,742,2411,-12174,42000,42000,3.9536657333374023
7572399,939,2109,-12271,42000,42000,3.9536657333374023
7572409,1126,1797,-12383,42000,42000,3.9536657333374023
7572419,1310,1436,-12464,42000,42000,3.9536657333374023
7572429,1479,1095,-12566,42000,42000,3.9536657333374023
7572439,1637,766,-12656,42000,42000,3.9536657333374023
7572449,1762,482,-12750,42000,42000,3.9536657333374023
7572459,1913,160,-12848,42000,42000,3.9536657333374023
7572469,2051,-212,-12903,42000,42000,3.9536657333374023
7572479,2196,-677,-12962,42000,42000,3.9536657333374023
7572489,2291,-1046,-13051,42000,42000,3.9483871459960938
7572499,2312,-1333,-13162,42000,42000,3.9536657333374023
7572509,2329,-1716,-13271,42000,42000,3.9536657333374023
7572519,2293,-2167,-13346,42000,42000,3.9536657333374023
7572529,2151,-2447,-13479,42000,42000,3.9536657333374023
7572539,1972,-2774,-13596,42000,42000,3.9483871459960938
7572549,1729,-3172,-13659,42000,42000,3.9483871459960938
7572559,1390,-3328,-13787,42000,42000,3.9536657333374023
7572569,1084,-3651,-13903,42000,42000,3.9483871459960938
7572579,720,-3833,-13978,42000,42000,3.9483871459960938
7572589,418,-3997,-14109,42000,42000,3.9483871459960938
7572599,227,-4234,-14193,42000,42000,3.9483871459960938
7572609,55,-4294,-14338,42000,42000,3.9483871459960938
7572619,-41,-4440,-14431,42000,42000,3.9483871459960938
7572629,-180,-4493,-14556,42000,42000,3.9536657333374023
7572639,-380,-4512,-14692,42000,42000,3.9536657333374023
7572649,-605,-4626,-14764,42000,42000,3.9483871459960938
7572659,-950,-4530,-14904,42000,42000,3.9483871459960938
7572669,-1348,-4447,-15000,42000,42000,3.9483871459960938
7572679,-1715,-4425,-15122,42000,42000,3.9483871459960938
7572689,-2107,-4219,-15221,42000,42000,3.9483871459960938
7572699,-2502,-4001,-15350,42000,42000,3.9483871459960938
7572709,-2846,-3870,-15455,42000,42000,3.9483871459960938
7572719,-3217,-3604,-15554,42000,42000,3.9483871459960938
7572729,-3587,-3250,-15691,42000,42000,3.9483871459960938
7572739,-3841,-3025,-15808,42000,42000,3.9483871459960938
7572749,-4065,-2661,-15935,42000,42000,3.9483871459960938
7572759,-4217,-2224,-16063,42000,42000,3.9483871459960938
7572769,-4214,-1910,-16202,42000,42000,3.9483871459960938
7572779,-4228,-1508,-16330,42000,42000,3.9483871459960938
7572789,-4245,-1116,-16496,42000,42000,3.9483871459960938
7572799,-4186,-829,-16597,42000,42000,3.9483871459960938
7572809,-4187,-366,-16744,42000,42000,3.9483871459960938
7572819,-4160,-43,-16861,42000,42000,3.9483871459960938
7572829,-4099,234,-16968,42000,42000,3.9483871459960938
7572839,-4083,622,-17107,42000,42000,3.9483871459960938
7572849,-3979,831,-17197,42000,42000,3.9483871459960938
7572859,-3838,1002,-17307,42000,42000,3.9483871459960938
7572869,-3662,1269,-17426,42000,42000,3.9483871459960938
7572879,-3404,1476,-17525,42000,42000,3.9483871459960938
7572889,-3019,1543,-17599,42000,42000,3.9483871459960938
7572899,-2513,1568,-17701,42000,42000,3.9483871459960938
7572909,-1902,1610,-17781,42000,42000,3.9483871459960938
7572919,-1242,1573,-17847,42000,42000,3.9483871459960938
7572929,-525,1360,-17902,42000,42000,3.9483871459960938
7572939,86,1196,-17974,42000,42000,3.9483871459960938
7572949,589,1062,-18056,42000,42000,3.9483871459960938
7572959,920,692,-18084,42000,42000,3.9483871459960938
7572969,985,397,-18162,42000,42000,3.9483871459960938
7572979,877,103,-18259,42000,42000,3.9483871459960938
7572989,700,-258,-18275,42000,42000,3.9483871459960938
7572999,572,-597,-18353,42000,42000,3.9483871459960938
7573009,462,-889,-18430,42000,42000,3.943108558654785
7573019,382,-1124,-18524,42000,42000,3.9483871459960938
7573029,349,-1364,-18604,42000,42000,3.9483871459960938
7573039,390,-1630,-18719,42000,42000,3.9483871459960938
7573049,477,-1902,-18775,42000,42000,3.9483871459960938
7573059,528,-2159,-18857,42000,42000,3.9483871459960938
7573069,480,-2360,-18923,42000,42000,3.943108558654785
7573079,411,-2515,-19016,42000,42000,3.9483871459960938
7573089,279,-2657,-19095,42000,42000,3.943108558654785
7573099,61,-2725,-19167,42000,42000,3.9483871459960938
7573109,-355,-2806,-19289,42000,42000,3.9483871459960938
7573119,-862,-2795,-19318,42000,42000,3.9483871459960938
7573129,-1470,-2715,-19352,42000,42000,3.9483871459960938
7573139,-2148,-2556,-19410,42000,42000,3.943108558654785
7573149,-2850,-2299,-19449,42000,42000,3.943108558654785
7573159,-3588,-1957,-19488,42000,42000,3.9483871459960938
7573169,-4317,-1527,-19488,42000,42000,3.943108558654785
7573179,-4985,-1018,-19469,42000,42000,3.943108558654785
7573189,-5606,-443,-19507,42000,42000,3.943108558654785
7573199,-6229,188,-19523,42000,42000,3.9483871459960938
7573209,-6818,851,-19505,42000,42000,3.943108558654785
7573219,-7391,1556,-19506,42000,42000,3.943108558654785
7573229,-7868,2317,-19492,42000,42000,3.943108558654785
7573239,-8170,3091,-19495,42000,42000,3.943108558654785
7573249,-8199,3889,-19538,42000,42000,3.9483871459960938
7573259,-7765,4674,-19629,42000,42000,3.943108558654785
7573269,-6890,5400,-19763,42000,42000,3.943108558654785
7573279,-5796,6092,-19859,42000,42000,3.9483871459960938
7573289,-4753,6613,-19986,42000,42000,3.943108558654785
7573299,-3858,7038,-20054,42000,42000,3.943108558654785
7573309,-3095,7297,-20116,42000,42000,3.943108558654785
7573319,-2417,7472,-20176,42000,42000,3.943108558654785
7573329,-1856,7524,-20234,42000,42000,3.943108558654785
7573339,-1351,7468,-20268,42000,42000,3.943108558654785
7573349,-880,7342,-20341,42000,42000,3.943108558654785
7573359,-396,7130,-20394,42000,42000,3.943108558654785
7573369,192,6859,-20447,42000,42000,3.943108558654785
7573379,953,6444,-20502,42000,42000,3.943108558654785
7573389,1862,5867,-20497,42000,42000,3.943108558654785
7573399,2775,5187,-20534,42000,42000,3.943108558654785
7573409,3587,4473,-20552,42000,42000,3.943108558654785
7573419,4184,3762,-20596,42000,42000,3.943108558654785
7573429,4645,3001,-20682,42000,42000,3.943108558654785
7573439,4987,2151,-20712,42000,42000,3.943108558654785
7573449,5194,1234,-20799,42000,42000,3.943108558654785
7573459,5258,283,-20885,42000,42000,3.943108558654785
7573469,5142,-599,-20973,42000,42000,3.943108558654785
7573479,4891,-1393,-21056,42000,42000,3.943108558654785
7573489,4459,-2081,-21159,42000,42000,3.943108558654785
7573499,3688,-2640,-21258,42000,42000,3.943108558654785
7573509,2575,-3085,-21300,42000,42000,3.943108558654785
7573519,1118,-3331,-21321,42000,42000,3.943108558654785
7573529,-378,-3342,-21254,42000,42000,3.943108558654785
7573539,-1638,-3190,-21266,42000,42000,3.943108558654785
7573549,-2698,-2953,-21297,42000,42000,3.943108558654785
7573559,-3685,-2586,-21301,42000,42000,3.943108558654785
7573569,-4719,-1978,-21300,42000,42000,3.943108558654785
7573579,-5748,-1233,-21269,42000,42000,3.943108558654785
7573589,-6657,-481,-21219,42000,42000,3.943108558654785
7573599,-7350,257,-21240,42000,42000,3.943108558654785
7573609,-7889,1137,-21236,42000,42000,3.943108558654785
7573619,-8118,2160,-21263,42000,42000,3.943108558654785
7573629,-8118,2964,-21295,42000,42000,3.943108558654785
7573639,-7975,3905,-21387,42000,42000,3.943108558654785
7573649,-7567,4802,-21465,42000,42000,3.943108558654785
7573659,-6675,5451,-21562,42000,42000,3.943108558654785
7573669,-5394,6141,-21640,42000,42000,3.943108558654785
7573679,-3971,6597,-21724,42000,42000,3.943108558654785
7573689,-2544,6713,-21760,42000,42000,3.943108558654785
7573699,-1156,6723,-21806,42000,42000,3.943108558654785
7573709,239,6598,-21799,42000,42000,3.943108558654785
7573719,1790,6125,-21761,42000,42000,3.943108558654785
7573729,3310,5468,-21713,42000,42000,3.943108558654785
7573739,4607,4680,-21706,42000,42000,3.943108558654785
7573749,5663,3796,-21679,42000,42000,3.943108558654785
7573759,6485,2843,-21647,42000,42000,3.943108558654785
7573769,7246,1726,-21588,42000,42000,3.943108558654785
7573779,7928,537,-21560,42000,42000,3.943108558654785
7573789,8508,-746,-21495,42000,42000,3.943108558654785
7573799,8850,-1979,-21490,42000,42000,3.943108558654785
7573809,8953,-3227,-21484,42000,42000,3.943108558654785
7573819,8694,-4493,-21520,42000,42000,3.943108558654785
7573829,7884,-5938,-21574,42000,42000,3.9378299713134766
7573839,6890,-6880,-21655,42000,42000,3.9378299713134766
7573849,5477,-7717,-21716,42000,42000,3.943108558654785
7573859,4065,-8351,-21832,42000,42000,3.9378299713134766
7573869,2755,-8803,-21914,42000,42000,3.943108558654785
7573879,1489,-9019,-22018,42000,42000,3.943108558654785
7573889,66,-9077,-22116,42000,42000,3.943108558654785
7573899,-1338,-8943,-22187,42000,42000,3.943108558654785
7573909,-2749,-8643,-22272,42000,42000,3.9378299713134766
7573919,-4046,-8111,-22296,42000,42000,3.9378299713134766
7573929,-5129,-7397,-22446,42000,42000,3.943108558654785
7573939,-5957,-6510,-22546,42000,42000,3.943108558654785
7573949,-6689,-5544,-22667,42000,42000,3.943108558654785
7573959,-7394,-4497,-22770,42000,42000,3.943108558654785
7573969,-8086,-3333,-22872,42000,42000,3.9378299713134766
7573979,-8746,-2087,-22963,42000,42000,3.943108558654785
7573989,-9211,-829,-23059,42000,42000,3.9378299713134766
7573999,-9408,432,-23113,42000,42000,3.9378299713134766
7574009,-9318,1672,-23234,42000,42000,3.943108558654785
7574019,-8837,2709,-23415,42000,42000,3.943108558654785
7574029,-7558,3684,-23471,42000,42000,3.943108558654785
7574039,-5858,4197,-23570,42000,42000,3.943108558654785
7574049,-3994,4574,-23559,42000,42000,3.9378299713134766
7574059,-2229,4622,-23540,42000,42000,3.943108558654785
7574069,-599,4467,-23459,42000,42000,3.9378299713134766
7574079,841,4173,-23389,42000,42000,3.9378299713134766
7574089,2099,3727,-23366,42000,42000,3.9378299713134766
7574099,3280,3103,-23323,42000,42000,3.943108558654785
7574109,4287,2379,-23289,42000,42000,3.9378299713134766
7574119,5169,1620,-23286,42000,42000,3.9378299713134766
7574129,6198,648,-23301,42000,42000,3.9378299713134766
7574139,7252,-461,-23292,42000,42000,3.9378299713134766
7574149,8046,-1601,-23308,42000,42000,3.9378299713134766
7574159,8304,-2763,-23338,42000,42000,3.9378299713134766
7574169,7198,-3908,-23355,42000,42000,3.9378299713134766
7574179,4336,-4638,-23299,42000,42000,3.9378299713134766
7574189,1714,-4990,-23309,42000,42000,3.943108558654785
7574199,211,-5057,-23308,42000,42000,3.943108558654785
7574209,-726,-4919,-23357,42000,42000,3.9378299713134766
7574219,-1617,-4765,-23421,42000,42000,3.9378299713134766
7574229,-2865,-4391,-23385,42000,42000,3.9378299713134766
7574239,-4394,-3877,-23341,42000,42000,3.9378299713134766
7574249,-6120,-3173,-23249,42000,42000,3.9378299713134766
7574259,-7387,-2302,-23260,42000,42000,3.9378299713134766
7574269,-8046,-1384,-23349,42000,42000,3.9378299713134766
7574279,-8307,-435,-23423,42000,42000,3.9378299713134766
7574289,-8390,526,-23533,42000,42000,3.9378299713134766
7574299,-8463,1460,-23655,42000,42000,3.9378299713134766
7574309,-8538,2475,-23665,42000,42000,3.9378299713134766
7574319,-8521,3410,-23769,42000,42000,3.9378299713134766
7574329,-7814,4248,-23886,42000,42000,3.9378299713134766
7574339,-6112,4768,-23958,42000,42000,3.9378299713134766
7574349,-4021,5211,-24021,42000,42000,3.9378299713134766
7574359,-2504,5416,-23955,0,0,3.9378299713134766
7574369,-1519,5622,-23795,0,0,4.027565956115723
7574379,-696,5674,-23602,0,0,4.027565956115723
7574389,112,5644,-23431,0,0,4.064516067504883
7574399,999,5489,-23334,0,0,4.0750732421875
7574409,1727,5145,-23161,0,0,4.0750732421875
7574419,1546,4624,-23030,0,0,4.0750732421875
7574429,426,4147,-22933,0,0,4.0750732421875
7574439,-42,3912,-22807,0,0,4.0750732421875
7574449,109,3802,-22712,0,0,4.0750732421875
7574459,453,3671,-22592,0,0,4.0750732421875
7574469,769,3434,-22523,0,0,4.0750732421875
7574479,1083,2912,-22447,0,0,4.0750732421875
7574489,1649,2323,-22376,0,0,4.0750732421875
7574499,2200,1703,-22286,0,0,4.0750732421875
7574509,2451,1237,-22214,0,0,4.0750732421875
7574519,2411,800,-22171,0,0,4.0750732421875
7574529,1718,463,-22036,0,0,4.0750732421875
7574539,-56,380,-21799,0,0,4.0750732421875
7574549,-2042,713,-21553,0,0,4.0750732421875
7574559,-3270,1317,-21335,0,0,4.0750732421875
7574569,-4018,2042,-21159,0,0,4.0750732421875
7574579,-4742,2978,-20927,0,0,4.0750732421875
7574589,-5617,4160,-20595,0,0,4.0750732421875
7574599,-6397,5469,-20330,0,0,4.0750732421875
7574609,-6684,6815,-20049,0,0,4.080351829528809
7574619,-6583,8028,-19797,0,0,4.080351829528809
7574629,-6383,9114,-19581,0,0,4.080351829528809
7574639,-6239,9924,-19440,0,0,4.080351829528809
7574649,-5642,10663,-19319,0,0,4.0750732421875
7574659,-4276,11100,-19251,0,0,4.080351829528809
7574669,-2174,11163,-19200,0,0,4.080351829528809
7574679,320,10828,-19131,0,0,4.080351829528809
7574689,2707,10054,-19003,0,0,4.080351829528809
7574699,4847,8878,-18913,0,0,4.080351829528809
7574709,6671,7279,-18792,0,0,4.080351829528809
7574719,8337,5352,-18676,0,0,4.080351829528809
7574729,9705,3179,-18535,0,0,4.080351829528809
7574739,10663,882,-18396,0,0,4.080351829528809
7574749,11262,-1321,-18308,0,0,4.080351829528809
7574759,11255,-3639,-18248,0,0,4.080351829528809
7574769,10744,-5828,-18196,0,0,4.080351829528809
7574779,9380,-7850,-18210,0,0,4.080351829528809
7574789,7127,-9377,-18284,0,0,4.080351829528809
7574799,4425,-10399,-18343,0,0,4.080351829528809
7574809,1449,-10778,-18263,0,0,4.080351829528809
7574819,-1663,-10641,-18129,0,0,4.080351829528809
7574829,-4441,-9961,-17972,0,0,4.080351829528809
7574839,-6370,-8824,-17900,0,0,4.080351829528809
7574849,-7559,-7170,-17902,0,0,4.080351829528809
7574859,-8148,-5109,-17962,0,0,4.080351829528809
7574869,-8280,-2900,-18073,0,0,4.0750732421875
7574879,-8407,-958,-18145,0,0,4.080351829528809
7574889,-8436,852,-18157,0,0,4.080351829528809
7574899,-8212,2616,-18056,0,0,4.080351829528809
7574909,-7734,4378,-18002,0,0,4.080351829528809
7574919,-6993,6152,-17994,0,0,4.080351829528809
7574929,-5874,7587,-17981,0,0,4.080351829528809
7574939,-4163,8573,-17999,0,0,4.080351829528809
7574949,-2050,9009,-17965,0,0,4.080351829528809
7574959,319,8933,-17909,0,0,4.080351829528809
7574969,2863,8318,-17792,0,0,4.080351829528809
7574979,5403,7127,-17624,0,0,4.080351829528809
7574989,7447,5463,-17394,0,0,4.080351829528809
7574999,8697,3609,-17290,0,0,4.080351829528809
7575009,9054,1628,-17218,0,0,4.080351829528809
7575019,8660,-463,-17249,0,0,4.080351829528809
7575029,7715,-2428,-17321,0,0,4.080351829528809
7575039,6313,-4161,-17428,0,0,4.080351829528809
7575049,4566,-5574,-17535,0,0,4.080351829528809
7575059,2676,-6532,-17641,0,0,4.080351829528809
7575069,757,-7146,-17676,0,0,4.080351829528809
7575079,-980,-7385,-17701,0,0,4.080351829528809
7575089,-2300,-7261,-17698,0,0,4.080351829528809
7575099,-3247,-6866,-17674,0,0,4.080351829528809
7575109,-3877,-6179,-17662,0,0,4.080351829528809
7575119,-4411,-5401,-17684,0,0,4.080351829528809
7575129,-4946,-4348,-17695,0,0,4.080351829528809
7575139,-5535,-3163,-17658,0,0,4.080351829528809
7575149,-6108,-1854,-17643,0,0,4.080351829528809
7575159,-6340,-717,-17622,0,0,4.080351829528809
7575169,-6161,473,-17636,0,0,4.080351829528809
7575179,-5235,1593,-17686,0,0,4.080351829528809
7575189,-3864,2320,-17711,0,0,4.080351829528809
7575199,-1963,2697,-17680,0,0,4.080351829528809
7575209,144,2615,-17661,0,0,4.085630416870117
7575219,2073,2072,-17587,0,0,4.085630416870117
7575229,3703,1293,-17450,0,0,4.080351829528809
7575239,4972,200,-17373,0,0,4.080351829528809
7575249,5778,-1169,-17248,0,0,4.080351829528809
7575259,6049,-2645,-17167,0,0,4.085630416870117
7575269,5500,-3972,-17142,0,0,4.080351829528809
7575279,4318,-5026,-17145,0,0,4.080351829528809
7575289,2778,-5765,-17159,0,0,4.080351829528809
7575299,1167,-6199,-17149,0,0,4.085630416870117
7575309,-308,-6308,-17139,0,0,4.080351829528809
7575319,-1433,-6072,-17112,0,0,4.080351829528809
7575329,-2285,-5572,-17087,0,0,4.080351829528809
7575339,-2991,-4889,-17096,0,0,4.080351829528809
7575349,-3594,-4040,-17078,0,0,4.080351829528809
7575359,-4198,-2972,-17093,0,0,4.080351829528809
7575369,-4819,-1722,-17022,0,0,4.080351829528809
7575379,-5419,-405,-16972,0,0,4.080351829528809
7575389,-5856,865,-16887,0,0,4.085630416870117
7575399,-6099,2099,-16778,0,0,4.085630416870117
7575409,-6075,3345,-16723,0,0,4.080351829528809
7575419,-5730,4464,-16662,0,0,4.085630416870117
7575429,-5029,5405,-16623,0,0,4.085630416870117
7575439,-3830,6089,-16609,0,0,4.085630416870117
7575449,-2199,6413,-16598,0,0,4.080351829528809
7575459,-305,6371,-16571,0,0,4.080351829528809
7575469,1560,5950,-16456,0,0,4.080351829528809
7575479,3432,5142,-16378,0,0,4.080351829528809
7575489,4887,3999,-16313,0,0,4.080351829528809
7575499,5652,2704,-16262,0,0,4.080351829528809
7575509,5739,1341,-16260,0,0,4.085630416870117
7575519,5219,-14,-16321,0,0,4.085630416870117
7575529,4250,-1221,-16415,0,0,4.080351829528809
7575539,3085,-2232,-16495,0,0,4.085630416870117
7575549,2013,-2989,-16552,0,0,4.080351829528809
7575559,1094,-3538,-16593,0,0,4.085630416870117
7575569,348,-3886,-16583,0,0,4.080351829528809
7575579,-254,-4082,-16564,0,0,4.080351829528809
7575589,-872,-4068,-16552,0,0,4.080351829528809
7575599,-1618,-3867,-16543,0,0,4.085630416870117
7575609,-2544,-3456,-16506,0,0,4.085630416870117
7575619,-3592,-2842,-16451,0,0,4.080351829528809
7575629,-4667,-2057,-16385,0,0,4.085630416870117
7575639,-5457,-1182,-16304,0,0,4.085630416870117
7575649,-5990,-112,-16234,0,0,4.085630416870117
7575659,-5925,1007,-16227,0,0,4.080351829528809
7575669,-5136,2161,-16250,0,0,4.080351829528809
7575679,-4027,2908,-16255,0,0,4.085630416870117
7575689,-2601,3445,-16290,0,0,4.085630416870117
7575699,-1192,3632,-16291,0,0,4.085630416870117
7575709,89,3484,-16246,0,0,4.085630416870117
7575719,1266,3088,-16222,0,0,4.085630416870117
7575729,2246,2390,-16173,0,0,4.085630416870117
7575739,3096,1471,-16109,0,0,4.085630416870117
7575749,3763,400,-16044,0,0,4.085630416870117
7575759,4328,-716,-15993,0,0,4.085630416870117
7575769,4772,-1970,-15906,0,0,4.085630416870117
7575779,5045,-3215,-15825,0,0,4.085630416870117
7575789,4929,-4417,-15774,0,0,4.085630416870117
7575799,4374,-5379,-15751,0,0,4.085630416870117
7575809,3229,-6140,-15755,0,0,4.085630416870117
7575819,1671,-6548,-15742,0,0,4.085630416870117
7575829,-118,-6613,-15683,0,0,4.080351829528809
7575839,-1729,-6314,-15638,0,0,4.085630416870117
7575849,-3033,-5661,-15566,0,0,4.080351829528809
7575859,-4011,-4671,-15538,0,0,4.080351829528809
7575869,-4731,-3302,-15502,0,0,4.085630416870117
7575879,-5321,-1782,-15451,0,0,4.085630416870117
7575889,-5794,-251,-15336,0,0,4.085630416870117
7575899,-6252,1238,-15230,0,0,4.085630416870117
7575909,-6694,2759,-15059,0,0,4.085630416870117
7575919,-7095,4296,-14849,0,0,4.085630416870117
7575929,-7187,5765,-14710,0,0,4.085630416870117
7575939,-6758,7083,-14590,0,0,4.085630416870117
7575949,-5609,8150,-14566,0,0,4.085630416870117
7575959,-3611,8801,-14582,0,0,4.085630416870117
7575969,-1108,8961,-14582,0,0,4.085630416870117
7575979,1308,8642,-14504,0,0,4.085630416870117
7575989,3451,7945,-14411,0,0,4.085630416870117
7575999,5274,6822,-14293,0,0,4.085630416870117
7576009,6662,5270,-14210,0,0,4.085630416870117
7576019,7353,3383,-14187,0,0,4.085630416870117
7576029,7374,1460,-14241,0,0,4.085630416870117
7576039,7001,-219,-14319,0,0,4.085630416870117
7576049,6419,-1724,-14394,0,0,4.085630416870117
7576059,5662,-3164,-14493,0,0,4.085630416870117
7576069,4756,-4638,-14546,0,0,4.085630416870117
7576079,3857,-5977,-14546,0,0,4.085630416870117
7576089,2990,-6979,-14551,0,0,4.085630416870117
7576099,2040,-7596,-14533,0,0,4.085630416870117
7576109,903,-7913,-14522,0,0,4.085630416870117
7576119,-503,-7969,-14513,0,0,4.085630416870117
7576129,-2071,-7625,-14459,0,0,4.085630416870117
7576139,-3452,-7030,-14410,0,0,4.085630416870117
7576149,-4949,-5862,-14321,0,0,4.085630416870117
7576159,-6090,-4583,-14252,0,0,4.085630416870117
7576169,-7174,-2882,-14102,0,0,4.085630416870117
7576179,-8082,-1078,-13939,0,0,4.085630416870117
7576189,-8829,827,-13775,0,0,4.085630416870117
7576199,-9327,2744,-13590,0,0,4.085630416870117
7576209,-9431,4613,-13434,0,0,4.085630416870117
7576219,-8933,6415,-13383,0,0,4.085630416870117
7576229,-7480,7988,-13417,0,0,4.085630416870117
7576239,-5091,9077,-13487,0,0,4.085630416870117
7576249,-2270,9483,-13511,0,0,4.085630416870117
7576259,443,9328,-13490,0,0,4.085630416870117
7576269,2850,8654,-13366,0,0,4.085630416870117
7576279,4832,7465,-13235,0,0,4.085630416870117
7576289,6291,5701,-13139,0,0,4.085630416870117
7576299,7168,3558,-13078,0,0,4.085630416870117
7576309,7621,1492,-13037,0,0,4.085630416870117
7576319,7831,-412,-12986,0,0,4.085630416870117
7576329,7892,-2319,-12908,0,0,4.085630416870117
7576339,7861,-4391,-12818,0,0,4.085630416870117
7576349,7616,-6492,-12681,0,0,4.085630416870117
7576359,7027,-8383,-12642,0,0,4.085630416870117
7576369,5875,-9862,-12619,0,0,4.085630416870117
7576379,4164,-10909,-12652,0,0,4.085630416870117
7576389,1971,-11512,-12692,0,0,4.085630416870117
7576399,-325,-11642,-12703,0,0,4.085630416870117
7576409,-2214,-11268,-12645,0,0,4.085630416870117
7576419,-3534,-10435,-12666,0,0,4.085630416870117
7576429,-4394,-8973,-12748,0,0,4.085630416870117
7576439,-5177,-7131,-12797,0,0,4.085630416870117
7576449,-5966,-5235,-12826,0,0,4.085630416870117
7576459,-6839,-3401,-12735,0,0,4.085630416870117
7576469,-7803,-1522,-12513,0,0,4.085630416870117
7576479,-8801,469,-12183,0,0,4.085630416870117
7576489,-9724,2513,-11790,0,0,4.085630416870117
7576499,-10376,4461,-11429,0,0,4.085630416870117
7576509,-10687,6313,-11157,0,0,4.085630416870117
7576519,-10648,8149,-10977,0,0,4.085630416870117
7576529,-9849,9943,-10891,0,0,4.085630416870117
7576539,-7518,11512,-11029,0,0,4.085630416870117
7576549,-4011,12340,-11202,0,0,4.085630416870117
7576559,-797,12422,-11211,0,0,4.085630416870117
7576569,1689,12137,-11156,0,0,4.085630416870117
7576579,3910,11458,-11033,0,0,4.085630416870117
7576589,6279,10142,-10855,0,0,4.085630416870117
7576599,8581,7837,-10584,0,0,4.085630416870117
7576609,9928,5144,-10419,0,0,4.085630416870117
7576619,10350,2963,-10423,0,0,4.085630416870117
7576629,10358,1196,-10493,0,0,4.085630416870117
7576639,10032,-580,-10586,0,0,4.085630416870117
7576649,9376,-2579,-10776,0,0,4.085630416870117
7576659,8377,-4572,-10959,0,0,4.085630416870117
7576669,6989,-6789,-11154,0,0,4.085630416870117
7576679,5723,-8252,-11285,0,0,4.085630416870117
7576689,4211,-9502,-11389,0,0,4.085630416870117
7576699,2596,-10463,-11468,0,0,4.085630416870117
7576709,1101,-11067,-11505,0,0,4.085630416870117
7576719,-88,-11242,-11489,0,0,4.085630416870117
7576729,-1012,-11124,-11494,0,0,4.085630416870117
7576739,-1752,-10656,-11544,0,0,4.085630416870117
7576749,-2413,-9657,-11613,0,0,4.085630416870117
7576759,-3467,-8177,-11581,0,0,4.085630416870117
7576769,-4839,-6342,-11439,0,0,4.085630416870117
7576779,-6334,-4438,-11167,0,0,4.085630416870117
7576789,-7662,-2624,-10819,0,0,4.085630416870117
7576799,-8809,-863,-10456,0,0,4.085630416870117
7576809,-9877,938,-10050,0,0,4.085630416870117
7576819,-10836,2761,-9639,0,0,4.085630416870117
7576829,-11845,4726,-9175,0,0,4.085630416870117
7576839,-12568,6719,-8809,0,0,4.085630416870117
7576849,-12446,8648,-8653,0,0,4.085630416870117
7576859,-10687,10545,-8806,0,0,4.085630416870117
7576869,-6934,11978,-9148,0,0,4.085630416870117
7576879,-3018,12496,-9320,0,0,4.085630416870117
7576889,-227,12465,-9316,0,0,4.085630416870117
7576899,1938,12171,-9241,0,0,4.085630416870117
7576909,4331,11389,-9083,0,0,4.085630416870117
7576919,7176,9590,-8750,0,0,4.085630416870117
7576929,9352,6986,-8434,0,0,4.085630416870117
7576939,10143,4634,-8329,0,0,4.085630416870117
7576949,10119,2710,-8439,0,0,4.085630416870117
7576959,9748,968,-8619,0,0,4.085630416870117
7576969,9124,-819,-8844,0,0,4.085630416870117
7576979,8190,-2804,-9098,0,0,4.085630416870117
7576989,7164,-4800,-9350,0,0,4.085630416870117
7576999,6173,-6514,-9481,0,0,4.085630416870117
7577009,5256,-7997,-9538,0,0,4.085630416870117
7577019,4325,-9395,-9558,0,0,4.085630416870117
7577029,3416,-10712,-9536,0,0,4.085630416870117
7577039,2519,-11751,-9508,0,0,4.085630416870117
7577049,1686,-12369,-9476,0,0,4.085630416870117
7577059,825,-12577,-9461,0,0,4.090909004211426
7577069,-131,-12504,-9464,0,0,4.085630416870117
7577079,-1030,-12126,-9486,0,0,4.085630416870117
7577089,-1956,-11136,-9498,0,0,4.085630416870117
7577099,-3049,-9671,-9468,0,0,4.085630416870117
7577109,-4231,-8012,-9367,0,0,4.085630416870117
7577119,-5388,-6360,-9212,0,0,4.085630416870117
7577129,-6434,-4781,-9021,0,0,4.085630416870117
7577139,-7418,-3147,-8746,0,0,4.085630416870117
7577149,-8414,-1354,-8414,0,0,4.090909004211426
7577159,-9389,448,-7994,0,0,4.090909004211426
7577169,-10316,2322,-7547,0,0,4.085630416870117
7577179,-10945,3944,-7209,0,0,4.090909004211426
7577189,-11324,5507,-6949,0,0,4.085630416870117
7577199,-11443,7278,-6775,0,0,4.085630416870117
7577209,-10783,9268,-6804,0,0,4.085630416870117
7577219,-8779,11072,-7085,0,0,4.085630416870117
7577229,-5764,12298,-7404,0,0,4.090909004211426
7577239,-2826,12797,-7593,0,0,4.085630416870117
7577249,-259,12782,-7617,0,0,4.085630416870117
7577259,2157,12448,-7572,0,0,4.085630416870117
7577269,4465,11648,-7421,0,0,4.085630416870117
7577279,6484,10159,-7229,0,0,4.085630416870117
7577289,7757,8130,-7090,0,0,4.085630416870117
7577299,8308,6162,-7065,0,0,4.085630416870117
7577309,8494,4456,-7104,0,0,4.090909004211426
7577319,8477,2779,-7180,0,0,4.090909004211426
7577329,8307,924,-7264,0,0,4.085630416870117
7577339,8050,-1137,-7315,0,0,4.085630416870117
7577349,7747,-3146,-7328,0,0,4.085630416870117
7577359,7380,-4971,-7302,0,0,4.085630416870117
7577369,6879,-6645,-7294,0,0,4.085630416870117
7577379,6163,-8278,-7320,0,0,4.085630416870117
7577389,5071,-9841,-7429,0,0,4.085630416870117
7577399,3558,-11131,-7595,0,0,4.090909004211426
7577409,1814,-11989,-7750,0,0,4.085630416870117
7577419,250,-12418,-7816,0,0,4.085630416870117
7577429,-855,-12510,-7827,0,0,4.085630416870117
7577439,-1366,-12329,-7838,0,0,4.085630416870117
7577449,-1287,-11875,-7955,0,0,4.090909004211426
7577459,-1086,-10975,-8112,0,0,4.085630416870117
7577469,-1206,-9659,-8279,0,0,4.085630416870117
7577479,-1906,-8200,-8299,0,0,4.085630416870117
7577489,-3029,-6564,-8099,0,0,4.085630416870117
7577499,-4210,-4910,-7834,0,0,4.085630416870117
7577509,-5355,-3269,-7442,0,0,4.085630416870117
7577519,-6462,-1597,-7026,0,0,4.085630416870117
7577529,-7492,69,-6554,0,0,4.090909004211426
7577539,-8454,1735,-6063,0,0,4.085630416870117
7577549,-9320,3314,-5593,0,0,4.085630416870117
7577559,-10039,4852,-5196,0,0,4.085630416870117
7577569,-10576,6434,-4887,0,0,4.085630416870117
7577579,-10724,8094,-4706,0,0,4.085630416870117
7577589,-10145,9834,-4760,0,0,4.085630416870117
7577599,-8370,11456,-5066,0,0,4.085630416870117
7577609,-5690,12580,-5435,0,0,4.090909004211426
7577619,-2994,13046,-5655,0,0,4.090909004211426
7577629,-755,13095,-5733,0,0,4.085630416870117
7577639,1116,12865,-5705,0,0,4.085630416870117
7577649,3156,12285,-5620,0,0,4.085630416870117
7577659,4739,11177,-5491,0,0,4.085630416870117
7577669,5613,9575,-5437,0,0,4.085630416870117
7577679,5851,7908,-5486,0,0,4.085630416870117
7577689,5868,6456,-5592,0,0,4.085630416870117
7577699,5822,5035,-5700,0,0,4.085630416870117
7577709,5764,3440,-5783,0,0,4.090909004211426
7577719,5767,1565,-5783,0,0,4.085630416870117
7577729,5857,-403,-5647,0,0,4.085630416870117
7577739,5957,-2310,-5462,0,0,4.085630416870117
7577749,5970,-3998,-5273,0,0,4.085630416870117
7577759,5909,-5555,-5126,0,0,4.085630416870117
7577769,5666,-7150,-5036,0,0,4.085630416870117
7577779,5123,-8797,-5049,0,0,4.090909004211426
7577789,4074,-10240,-5194,0,0,4.085630416870117
7577799,2591,-11356,-5426,0,0,4.085630416870117
7577809,1007,-12003,-5618,0,0,4.085630416870117
7577819,-574,-12341,-5751,0,0,4.085630416870117
7577829,-1855,-12463,-5805,0,0,4.090909004211426
7577839,-2312,-12372,-5801,0,0,4.085630416870117
7577849,-1933,-12091,-5845,0,0,4.085630416870117
7577859,-1072,-11576,-6022,0,0,4.085630416870117
7577869,-264,-10773,-6300,0,0,4.090909004211426
7577879,179,-9747,-6565,0,0,4.085630416870117
7577889,-26,-8450,-6688,0,0,4.085630416870117
7577899,-767,-6730,-6601,0,0,4.085630416870117
7577909,-1787,-5049,-6345,0,0,4.090909004211426
7577919,-2846,-3545,-5979,0,0,4.090909004211426
7577929,-3855,-2232,-5562,0,0,4.090909004211426
7577939,-4833,-887,-5105,0,0,4.085630416870117
7577949,-5885,582,-4565,0,0,4.090909004211426
7577959,-6930,2097,-3997,0,0,4.090909004211426
7577969,-7867,3554,-3485,0,0,4.090909004211426
7577979,-8612,4940,-3092,0,0,4.090909004211426
7577989,-9131,6346,-2800,0,0,4.090909004211426
7577999,-9275,7847,-2690,0,0,4.090909004211426
7578009,-8700,9590,-2824,0,0,4.085630416870117
7578019,-7123,11228,-3213,0,0,4.090909004211426
7578029,-5014,12323,-3598,0,0,4.090909004211426
7578039,-2964,12818,-3833,0,0,4.090909004211426
7578049,-1074,12943,-3955,0,0,4.090909004211426
7578059,713,12751,-3989,0,0,4.090909004211426
7578069,2184,12301,-3967,0,0,4.085630416870117
7578079,2840,11521,-3956,0,0,4.090909004211426
7578089,2811,10669,-4004,0,0,4.085630416870117
7578099,2519,9688,-4150,0,0,4.085630416870117
7578109,2370,8524,-4272,0,0,4.085630416870117
7578119,2389,7063,-4326,0,0,4.090909004211426
7578129,2576,5325,-4272,0,0,4.090909004211426
7578139,2906,3586,-4096,0,0,4.085630416870117
7578149,3242,1893,-3871,0,0,4.090909004211426
7578159,3516,241,-3641,0,0,4.090909004211426
7578169,3683,-1441,-3408,0,0,4.090909004211426
7578179,3743,-2966,-3227,0,0,4.090909004211426
7578189,3635,-4604,-3100,0,0,4.090909004211426
7578199,3244,-6202,-3100,0,0,4.090909004211426
7578209,2476,-7638,-3255,0,0,4.090909004211426
7578219,1337,-8789,-3540,0,0,4.090909004211426
7578229,-10,-9611,-3855,0,0,4.090909004211426
7578239,-1450,-10170,-4141,0,0,4.090909004211426
7578249,-2824,-10567,-4344,0,0,4.090909004211426
7578259,-3779,-10871,-4435,0,0,4.090909004211426
7578269,-3751,-11042,-4397,0,0,4.090909004211426
7578279,-2662,-11142,-4318,0,0,4.090909004211426
7578289,-1363,-11135,-4327,0,0,4.090909004211426
7578299,-463,-10982,-4401,0,0,4.090909004211426
7578309,366,-10669,-4543,0,0,4.090909004211426
7578319,1389,-10042,-4810,0,0,4.090909004211426
7578329,2067,-9096,-5062,0,0,4.090909004211426
7578339,1980,-7848,-5165,0,0,4.090909004211426
7578349,1204,-6539,-5032,0,0,4.085630416870117
7578359,159,-5381,-4762,0,0,4.085630416870117
7578369,-926,-4343,-4400,0,0,4.090909004211426
7578379,-2013,-3279,-4005,0,0,4.090909004211426
7578389,-3124,-2119,-3544,0,0,4.090909004211426
7578399,-4202,-846,-3070,0,0,4.090909004211426
7578409,-5131,467,-2663,0,0,4.090909004211426
7578419,-5840,1754,-2342,0,0,4.090909004211426
7578429,-6306,3173,-2157,0,0,4.090909004211426
7578439,-6392,4751,-2145,0,0,4.085630416870117
7578449,-5921,6397,-2332,0,0,4.085630416870117
7578459,-4907,7905,-2662,0,0,4.085630416870117
7578469,-3595,9123,-3039,0,0,4.090909004211426
7578479,-2138,10010,-3341,0,0,4.090909004211426
7578489,-640,10595,-3575,0,0,4.090909004211426
7578499,656,10929,-3714,0,0,4.090909004211426
7578509,1208,10904,-3735,0,0,4.090909004211426
7578519,811,10620,-3675,0,0,4.090909004211426
7578529,206,10345,-3645,0,0,4.085630416870117
7578539,-134,10146,-3674,0,0,4.090909004211426
7578549,-445,9769,-3712,0,0,4.090909004211426
7578559,-394,9200,-3754,0,0,4.090909004211426
7578569,448,8264,-3636,0,0,4.085630416870117
7578579,1649,6999,-3403,0,0,4.085630416870117
7578589,2579,5905,-3198,0,0,4.090909004211426
7578599,3166,4938,-3053,0,0,4.090909004211426
7578609,3594,3812,-2932,0,0,4.090909004211426
7578619,3859,2435,-2820,0,0,4.090909004211426
7578629,3689,951,-2838,0,0,4.090909004211426
7578639,3147,-209,-2973,0,0,4.090909004211426
7578649,2264,-1103,-3233,0,0,4.090909004211426
7578659,1205,-1776,-3556,0,0,4.090909004211426
7578669,5,-2342,-3922,0,0,4.090909004211426
7578679,-1219,-2866,-4272,0,0,4.090909004211426
7578689,-2177,-3344,-4506,0,0,4.085630416870117
7578699,-2862,-3912,-4632,0,0,4.085630416870117
7578709,-2971,-4583,-4604,0,0,4.090909004211426
7578719,-2469,-5297,-4442,0,0,4.090909004211426
7578729,-1600,-5892,-4243,0,0,4.090909004211426
7578739,-717,-6299,-4082,0,0,4.090909004211426
7578749,73,-6534,-3978,0,0,4.090909004211426
7578759,731,-6708,-3905,0,0,4.090909004211426
7578769,1024,-6817,-3885,0,0,4.090909004211426
7578779,711,-6834,-3872,0,0,4.090909004211426
7578789,-76,-6746,-3851,0,0,4.090909004211426
7578799,-1088,-6559,-3786,0,0,4.090909004211426
7578809,-1942,-6276,-3710,0,0,4.090909004211426
7578819,-2489,-5910,-3664,0,0,4.090909004211426
7578829,-2716,-5338,-3664,0,0,4.085630416870117
7578839,-2591,-4424,-3723,0,0,4.090909004211426
7578849,-2289,-3450,-3843,0,0,4.090909004211426
7578859,-2042,-2633,-3950,0,0,4.085630416870117
7578869,-1887,-1917,-4029,0,0,4.090909004211426
7578879,-1805,-1081,-4076,0,0,4.090909004211426
7578889,-1841,-29,-4092,0,0,4.090909004211426
7578899,-2043,1035,-4025,0,0,4.090909004211426
7578909,-2293,1899,-3962,0,0,4.090909004211426
7578919,-2502,2631,-3884,0,0,4.090909004211426
7578929,-2648,3176,-3823,0,0,4.090909004211426
7578939,-2768,3821,-3765,0,0,4.090909004211426
7578949,-2725,4417,-3735,0,0,4.090909004211426
